symbol,report_date
A,2000-02-17
A,2000-05-16
A,2000-08-17
A,2000-11-20
A,2001-02-20
A,2001-05-17
A,2001-08-20
A,2001-11-15
A,2002-02-19
A,2002-05-16
A,2002-08-19
A,2002-11-18
A,2003-02-21
A,2003-05-19
A,2003-08-18
A,2003-11-17
A,2004-02-17
A,2004-05-17
A,2004-08-12
A,2004-11-11
A,2005-02-14
A,2005-05-16
A,2005-08-15
A,2005-11-14
A,2006-02-13
A,2006-05-15
A,2006-08-14
A,2006-11-14
A,2007-02-15
A,2007-05-14
A,2007-08-14
A,2007-11-15
A,2008-02-13
A,2008-05-14
A,2008-08-14
A,2008-11-14
A,2009-02-17
A,2009-05-14
A,2009-08-17
A,2009-11-13
A,2010-02-12
A,2010-05-17
A,2010-08-16
A,2010-11-12
A,2011-02-14
A,2011-05-13
A,2011-08-15
A,2011-11-15
A,2012-02-15
A,2012-05-14
A,2012-08-15
A,2012-11-19
A,2013-02-14
A,2013-05-14
A,2013-08-14
A,2013-11-14
A,2014-02-13
A,2014-05-14
A,2014-08-14
A,2014-11-17
A,2015-02-17
A,2015-05-18
A,2015-08-17
A,2015-11-16
A,2016-02-16
A,2016-05-16
A,2016-08-17
A,2016-11-15
A,2017-02-14
A,2017-05-22
A,2017-08-15
A,2017-11-20
A,2018-02-14
A,2018-05-14
A,2018-08-14
A,2018-11-19
A,2019-02-20
A,2019-05-14
A,2019-08-14
A,2019-11-25
A,2020-02-18
A,2020-05-21
A,2020-08-18
A,2020-11-23
A,2021-02-16
A,2021-05-25
A,2021-08-17
A,2021-11-22
A,2022-02-22
A,2022-05-24
A,2022-08-16
A,2022-11-21
A,2023-02-28
A,2023-05-23
A,2023-08-15
A,2023-11-20
A,2024-02-27
A,2024-05-29
A,2024-08-21
A,2024-11-25
A,2025-02-26
A,2025-05-28
A,2025-08-27
A,2025-11-24
A,2026-02-25
A,2026-05-27
AAPL,1996-04-17
AAPL,1996-07-17
AAPL,1996-10-16
AAPL,1997-01-15
AAPL,1997-04-16
AAPL,1997-07-16
AAPL,1997-10-15
AAPL,1998-01-14
AAPL,1998-04-15
AAPL,1998-07-15
AAPL,1998-10-14
AAPL,1999-01-13
AAPL,1999-04-14
AAPL,1999-07-14
AAPL,1999-10-13
AAPL,2000-01-19
AAPL,2000-04-19
AAPL,2000-07-18
AAPL,2000-10-18
AAPL,2001-01-17
AAPL,2001-04-18
AAPL,2001-07-18
AAPL,2001-10-17
AAPL,2002-01-16
AAPL,2002-04-17
AAPL,2002-07-16
AAPL,2002-10-16
AAPL,2003-01-15
AAPL,2003-04-16
AAPL,2003-07-16
AAPL,2003-10-15
AAPL,2004-01-14
AAPL,2004-04-14
AAPL,2004-07-14
AAPL,2004-10-13
AAPL,2005-01-12
AAPL,2005-04-13
AAPL,2005-07-13
AAPL,2005-10-11
AAPL,2006-01-18
AAPL,2006-04-19
AAPL,2006-07-19
AAPL,2006-10-18
AAPL,2007-01-17
AAPL,2007-04-25
AAPL,2007-07-25
AAPL,2007-10-22
AAPL,2008-01-22
AAPL,2008-04-23
AAPL,2008-07-21
AAPL,2008-10-21
AAPL,2009-01-21
AAPL,2009-04-22
AAPL,2009-07-21
AAPL,2009-10-19
AAPL,2010-01-25
AAPL,2010-04-20
AAPL,2010-07-20
AAPL,2010-10-18
AAPL,2011-01-18
AAPL,2011-04-20
AAPL,2011-07-19
AAPL,2011-10-18
AAPL,2012-01-24
AAPL,2012-04-24
AAPL,2012-07-24
AAPL,2012-10-25
AAPL,2013-01-23
AAPL,2013-04-23
AAPL,2013-07-23
AAPL,2013-10-28
AAPL,2014-01-27
AAPL,2014-04-23
AAPL,2014-07-22
AAPL,2014-10-20
AAPL,2015-01-27
AAPL,2015-04-27
AAPL,2015-07-21
AAPL,2015-10-27
AAPL,2016-01-26
AAPL,2016-04-26
AAPL,2016-07-26
AAPL,2016-10-25
AAPL,2017-01-31
AAPL,2017-05-02
AAPL,2017-08-01
AAPL,2017-11-02
AAPL,2018-02-01
AAPL,2018-05-01
AAPL,2018-07-31
AAPL,2018-11-01
AAPL,2019-01-29
AAPL,2019-04-30
AAPL,2019-07-30
AAPL,2019-10-30
AAPL,2020-01-28
AAPL,2020-04-30
AAPL,2020-07-30
AAPL,2020-10-29
AAPL,2021-01-27
AAPL,2021-04-28
AAPL,2021-07-27
AAPL,2021-10-28
AAPL,2022-01-27
AAPL,2022-04-28
AAPL,2022-07-28
AAPL,2022-10-27
AAPL,2023-02-02
AAPL,2023-05-04
AAPL,2023-08-03
AAPL,2023-11-02
AAPL,2024-02-01
AAPL,2024-05-02
AAPL,2024-08-01
AAPL,2024-10-31
AAPL,2025-01-30
AAPL,2025-05-01
AAPL,2025-07-31
AAPL,2025-10-30
AAPL,2026-01-29
AAPL,2026-04-30
ABNB,2019-09-30
ABNB,2020-09-02
ABNB,2020-11-16
ABNB,2021-02-25
ABNB,2021-05-13
ABNB,2021-08-12
ABNB,2021-11-04
ABNB,2022-02-15
ABNB,2022-05-03
ABNB,2022-08-02
ABNB,2022-11-01
ABNB,2023-02-14
ABNB,2023-05-09
ABNB,2023-08-03
ABNB,2023-11-01
ABNB,2024-02-13
ABNB,2024-05-08
ABNB,2024-08-06
ABNB,2024-11-07
ABNB,2025-02-13
ABNB,2025-05-01
ABNB,2025-08-06
ABNB,2025-11-06
ABNB,2026-02-12
ABNB,2026-05-07
ABT,1996-04-08
ABT,1996-07-10
ABT,1996-10-08
ABT,1997-01-16
ABT,1997-04-09
ABT,1997-07-10
ABT,1997-10-08
ABT,1998-01-16
ABT,1998-04-09
ABT,1998-07-09
ABT,1998-10-08
ABT,1999-01-15
ABT,1999-04-08
ABT,1999-07-09
ABT,1999-10-11
ABT,2000-01-18
ABT,2000-04-11
ABT,2000-07-12
ABT,2000-10-10
ABT,2001-01-16
ABT,2001-04-12
ABT,2001-07-12
ABT,2001-10-10
ABT,2002-01-16
ABT,2002-04-09
ABT,2002-07-11
ABT,2002-10-09
ABT,2003-01-16
ABT,2003-04-09
ABT,2003-07-10
ABT,2003-10-09
ABT,2004-01-16
ABT,2004-04-08
ABT,2004-07-09
ABT,2004-10-14
ABT,2005-01-18
ABT,2005-04-12
ABT,2005-07-13
ABT,2005-10-19
ABT,2006-01-25
ABT,2006-04-19
ABT,2006-07-19
ABT,2006-10-18
ABT,2007-01-24
ABT,2007-04-18
ABT,2007-07-18
ABT,2007-10-17
ABT,2008-01-23
ABT,2008-04-16
ABT,2008-07-16
ABT,2008-10-15
ABT,2009-01-21
ABT,2009-04-15
ABT,2009-07-15
ABT,2009-10-14
ABT,2010-01-27
ABT,2010-04-21
ABT,2010-07-21
ABT,2010-10-20
ABT,2011-01-26
ABT,2011-04-20
ABT,2011-07-20
ABT,2011-10-19
ABT,2012-01-25
ABT,2012-04-18
ABT,2012-07-18
ABT,2012-10-17
ABT,2013-01-23
ABT,2013-04-17
ABT,2013-07-17
ABT,2013-10-16
ABT,2014-01-22
ABT,2014-04-16
ABT,2014-07-16
ABT,2014-10-22
ABT,2015-01-29
ABT,2015-04-22
ABT,2015-07-22
ABT,2015-10-21
ABT,2016-01-28
ABT,2016-04-20
ABT,2016-07-20
ABT,2016-10-19
ABT,2017-01-25
ABT,2017-04-19
ABT,2017-07-20
ABT,2017-10-18
ABT,2018-01-24
ABT,2018-04-18
ABT,2018-07-18
ABT,2018-10-17
ABT,2019-01-23
ABT,2019-04-17
ABT,2019-07-17
ABT,2019-10-16
ABT,2020-01-22
ABT,2020-04-16
ABT,2020-07-16
ABT,2020-10-21
ABT,2021-01-27
ABT,2021-04-20
ABT,2021-07-22
ABT,2021-10-20
ABT,2022-01-26
ABT,2022-04-20
ABT,2022-07-20
ABT,2022-10-19
ABT,2023-01-25
ABT,2023-04-19
ABT,2023-07-20
ABT,2023-10-18
ABT,2024-01-24
ABT,2024-04-17
ABT,2024-07-18
ABT,2024-10-16
ABT,2025-01-22
ABT,2025-04-16
ABT,2025-07-17
ABT,2025-10-15
ABT,2026-01-22
ABT,2026-04-16
ADBE,1996-09-25
ADBE,1997-01-07
ADBE,1997-03-18
ADBE,1997-06-18
ADBE,1997-09-19
ADBE,1997-12-18
ADBE,1998-03-26
ADBE,1998-06-25
ADBE,1998-09-10
ADBE,1998-12-16
ADBE,1999-03-18
ADBE,1999-06-17
ADBE,1999-09-16
ADBE,1999-12-16
ADBE,2000-03-16
ADBE,2000-06-15
ADBE,2000-09-14
ADBE,2000-12-14
ADBE,2001-03-15
ADBE,2001-06-14
ADBE,2001-09-19
ADBE,2001-12-13
ADBE,2002-03-14
ADBE,2002-06-13
ADBE,2002-09-12
ADBE,2002-12-12
ADBE,2003-03-13
ADBE,2003-06-12
ADBE,2003-09-10
ADBE,2003-12-11
ADBE,2004-03-18
ADBE,2004-06-17
ADBE,2004-09-20
ADBE,2004-12-16
ADBE,2005-03-17
ADBE,2005-06-16
ADBE,2005-09-15
ADBE,2005-12-15
ADBE,2006-03-22
ADBE,2006-06-15
ADBE,2006-09-14
ADBE,2006-12-14
ADBE,2007-03-20
ADBE,2007-06-14
ADBE,2007-09-17
ADBE,2007-12-17
ADBE,2008-03-18
ADBE,2008-06-16
ADBE,2008-09-16
ADBE,2008-12-16
ADBE,2009-03-17
ADBE,2009-06-16
ADBE,2009-09-15
ADBE,2009-12-15
ADBE,2010-03-23
ADBE,2010-06-22
ADBE,2010-09-21
ADBE,2010-12-20
ADBE,2011-03-22
ADBE,2011-06-21
ADBE,2011-09-20
ADBE,2011-12-15
ADBE,2012-03-19
ADBE,2012-06-19
ADBE,2012-09-19
ADBE,2012-12-13
ADBE,2013-03-19
ADBE,2013-06-18
ADBE,2013-09-17
ADBE,2013-12-12
ADBE,2014-03-18
ADBE,2014-06-17
ADBE,2014-09-16
ADBE,2014-12-11
ADBE,2015-03-17
ADBE,2015-06-16
ADBE,2015-09-17
ADBE,2015-12-10
ADBE,2016-03-17
ADBE,2016-06-21
ADBE,2016-09-20
ADBE,2016-12-15
ADBE,2017-03-16
ADBE,2017-06-20
ADBE,2017-09-19
ADBE,2017-12-14
ADBE,2018-03-15
ADBE,2018-06-14
ADBE,2018-09-13
ADBE,2018-12-13
ADBE,2019-03-14
ADBE,2019-06-18
ADBE,2019-09-17
ADBE,2019-12-12
ADBE,2020-03-12
ADBE,2020-06-11
ADBE,2020-09-15
ADBE,2020-12-10
ADBE,2021-03-23
ADBE,2021-06-17
ADBE,2021-09-21
ADBE,2021-12-16
ADBE,2022-03-22
ADBE,2022-06-16
ADBE,2022-09-15
ADBE,2022-12-15
ADBE,2023-03-15
ADBE,2023-06-15
ADBE,2023-09-14
ADBE,2023-12-13
ADBE,2024-03-14
ADBE,2024-06-13
ADBE,2024-09-12
ADBE,2024-12-11
ADBE,2025-03-12
ADBE,2025-06-12
ADBE,2025-09-11
ADBE,2025-12-10
ADBE,2026-03-12
ADBE,2026-06-11
ADI,1996-05-22
ADI,1996-08-21
ADI,1996-12-04
ADI,1997-02-19
ADI,1997-05-21
ADI,1997-08-20
ADI,1997-12-03
ADI,1998-02-18
ADI,1998-05-20
ADI,1998-08-19
ADI,1998-12-02
ADI,1999-02-17
ADI,1999-05-19
ADI,1999-08-18
ADI,1999-12-01
ADI,2000-02-16
ADI,2000-05-17
ADI,2000-08-15
ADI,2000-11-14
ADI,2001-02-15
ADI,2001-05-17
ADI,2001-08-16
ADI,2001-11-20
ADI,2002-02-14
ADI,2002-05-16
ADI,2002-08-15
ADI,2002-11-19
ADI,2003-02-13
ADI,2003-05-14
ADI,2003-08-14
ADI,2003-11-18
ADI,2004-02-12
ADI,2004-05-13
ADI,2004-08-12
ADI,2004-11-23
ADI,2005-02-10
ADI,2005-05-12
ADI,2005-08-11
ADI,2005-11-15
ADI,2006-02-09
ADI,2006-05-11
ADI,2006-08-10
ADI,2006-11-14
ADI,2007-02-21
ADI,2007-05-22
ADI,2007-08-21
ADI,2007-11-27
ADI,2008-02-20
ADI,2008-05-20
ADI,2008-08-19
ADI,2008-11-24
ADI,2009-02-18
ADI,2009-05-19
ADI,2009-08-18
ADI,2009-11-23
ADI,2010-02-17
ADI,2010-05-18
ADI,2010-08-17
ADI,2010-11-22
ADI,2011-02-15
ADI,2011-05-17
ADI,2011-08-16
ADI,2011-11-21
ADI,2012-02-22
ADI,2012-05-22
ADI,2012-08-21
ADI,2012-11-27
ADI,2013-02-19
ADI,2013-05-21
ADI,2013-08-20
ADI,2013-11-26
ADI,2014-02-18
ADI,2014-05-20
ADI,2014-08-26
ADI,2014-11-25
ADI,2015-02-17
ADI,2015-05-19
ADI,2015-08-18
ADI,2015-11-24
ADI,2016-02-17
ADI,2016-05-18
ADI,2016-08-17
ADI,2016-11-22
ADI,2017-02-15
ADI,2017-05-31
ADI,2017-08-30
ADI,2017-11-21
ADI,2018-02-28
ADI,2018-05-30
ADI,2018-08-22
ADI,2018-11-20
ADI,2019-02-20
ADI,2019-05-22
ADI,2019-08-21
ADI,2019-11-26
ADI,2020-02-19
ADI,2020-05-20
ADI,2020-08-19
ADI,2020-11-24
ADI,2021-02-17
ADI,2021-05-19
ADI,2021-08-18
ADI,2021-11-23
ADI,2022-02-16
ADI,2022-05-18
ADI,2022-08-17
ADI,2022-11-22
ADI,2023-02-15
ADI,2023-05-24
ADI,2023-08-23
ADI,2023-11-21
ADI,2024-02-21
ADI,2024-05-22
ADI,2024-08-21
ADI,2024-11-26
ADI,2025-02-19
ADI,2025-05-22
ADI,2025-08-20
ADI,2025-11-25
ADI,2026-02-18
ADI,2026-05-20
ADM,1996-04-15
ADM,1996-07-15
ADM,1996-10-15
ADM,1997-01-16
ADM,1997-04-15
ADM,1997-07-16
ADM,1997-10-15
ADM,1998-01-16
ADM,1998-04-16
ADM,1998-08-06
ADM,1998-10-15
ADM,1999-01-19
ADM,1999-04-16
ADM,1999-07-16
ADM,1999-10-15
ADM,2000-01-18
ADM,2000-04-17
ADM,2000-07-21
ADM,2000-10-19
ADM,2001-01-19
ADM,2001-04-23
ADM,2001-07-23
ADM,2001-10-23
ADM,2002-01-23
ADM,2002-04-23
ADM,2002-07-24
ADM,2002-10-23
ADM,2003-01-24
ADM,2003-04-23
ADM,2003-07-24
ADM,2003-10-31
ADM,2004-01-30
ADM,2004-04-30
ADM,2004-07-30
ADM,2004-10-29
ADM,2005-01-28
ADM,2005-04-29
ADM,2005-07-29
ADM,2005-10-28
ADM,2006-01-31
ADM,2006-05-02
ADM,2006-08-01
ADM,2006-10-31
ADM,2007-02-01
ADM,2007-05-01
ADM,2007-07-30
ADM,2007-11-06
ADM,2008-02-04
ADM,2008-04-29
ADM,2008-08-05
ADM,2008-11-04
ADM,2009-02-03
ADM,2009-05-05
ADM,2009-08-04
ADM,2009-11-03
ADM,2010-02-02
ADM,2010-05-04
ADM,2010-08-03
ADM,2010-11-02
ADM,2011-02-01
ADM,2011-05-03
ADM,2011-08-02
ADM,2011-11-01
ADM,2012-01-31
ADM,2012-05-01
ADM,2012-07-31
ADM,2012-10-30
ADM,2013-02-05
ADM,2013-05-01
ADM,2013-08-06
ADM,2013-10-29
ADM,2014-02-04
ADM,2014-04-29
ADM,2014-08-05
ADM,2014-11-04
ADM,2015-02-03
ADM,2015-05-05
ADM,2015-08-04
ADM,2015-11-03
ADM,2016-02-02
ADM,2016-05-03
ADM,2016-08-02
ADM,2016-11-01
ADM,2017-02-07
ADM,2017-05-02
ADM,2017-08-01
ADM,2017-10-31
ADM,2018-02-06
ADM,2018-05-01
ADM,2018-07-31
ADM,2018-11-06
ADM,2019-02-05
ADM,2019-04-26
ADM,2019-08-01
ADM,2019-10-31
ADM,2020-01-29
ADM,2020-04-29
ADM,2020-07-29
ADM,2020-10-29
ADM,2021-01-26
ADM,2021-04-27
ADM,2021-07-27
ADM,2021-10-26
ADM,2022-01-25
ADM,2022-04-26
ADM,2022-07-26
ADM,2022-10-25
ADM,2023-01-26
ADM,2023-04-25
ADM,2023-07-25
ADM,2023-10-24
ADM,2024-03-12
ADM,2024-04-30
ADM,2024-07-30
ADM,2024-11-18
ADM,2025-02-04
ADM,2025-05-06
ADM,2025-08-05
ADM,2025-11-04
ADM,2026-02-03
ADM,2026-05-05
ADP,1996-04-11
ADP,1996-08-14
ADP,1996-10-11
ADP,1997-01-16
ADP,1997-04-14
ADP,1997-08-20
ADP,1997-10-14
ADP,1998-01-16
ADP,1998-04-15
ADP,1998-08-13
ADP,1998-10-13
ADP,1999-01-14
ADP,1999-04-15
ADP,1999-08-10
ADP,1999-10-14
ADP,2000-01-18
ADP,2000-04-18
ADP,2000-08-14
ADP,2000-10-13
ADP,2001-01-17
ADP,2001-04-16
ADP,2001-08-13
ADP,2001-10-17
ADP,2002-01-17
ADP,2002-04-15
ADP,2002-07-17
ADP,2002-10-17
ADP,2003-01-15
ADP,2003-04-17
ADP,2003-07-29
ADP,2003-10-17
ADP,2004-01-22
ADP,2004-04-22
ADP,2004-07-27
ADP,2004-10-25
ADP,2005-01-21
ADP,2005-04-21
ADP,2005-07-26
ADP,2005-10-26
ADP,2006-01-25
ADP,2006-04-28
ADP,2006-08-02
ADP,2006-10-31
ADP,2007-02-06
ADP,2007-05-01
ADP,2007-07-31
ADP,2007-10-30
ADP,2008-02-01
ADP,2008-05-01
ADP,2008-07-31
ADP,2008-11-03
ADP,2009-02-03
ADP,2009-05-05
ADP,2009-07-30
ADP,2009-11-04
ADP,2010-02-02
ADP,2010-04-27
ADP,2010-07-29
ADP,2010-10-27
ADP,2011-01-26
ADP,2011-05-02
ADP,2011-07-28
ADP,2011-10-26
ADP,2012-01-25
ADP,2012-05-01
ADP,2012-08-01
ADP,2012-11-01
ADP,2013-02-05
ADP,2013-05-03
ADP,2013-08-01
ADP,2013-10-30
ADP,2014-02-05
ADP,2014-04-30
ADP,2014-07-31
ADP,2014-10-29
ADP,2015-02-04
ADP,2015-04-30
ADP,2015-07-30
ADP,2015-10-28
ADP,2016-02-03
ADP,2016-04-28
ADP,2016-07-28
ADP,2016-11-02
ADP,2017-02-01
ADP,2017-05-03
ADP,2017-07-27
ADP,2017-11-02
ADP,2018-01-31
ADP,2018-05-02
ADP,2018-08-01
ADP,2018-10-31
ADP,2019-01-30
ADP,2019-05-01
ADP,2019-07-31
ADP,2019-10-30
ADP,2020-01-29
ADP,2020-04-29
ADP,2020-07-29
ADP,2020-10-28
ADP,2021-01-27
ADP,2021-04-28
ADP,2021-07-28
ADP,2021-10-27
ADP,2022-01-26
ADP,2022-04-27
ADP,2022-07-27
ADP,2022-10-26
ADP,2023-01-25
ADP,2023-04-26
ADP,2023-07-26
ADP,2023-10-25
ADP,2024-01-31
ADP,2024-05-01
ADP,2024-07-31
ADP,2024-10-30
ADP,2025-01-29
ADP,2025-04-30
ADP,2025-07-30
ADP,2025-10-29
ADP,2026-01-28
ADP,2026-04-29
ADSK,1996-02-21
ADSK,1996-05-16
ADSK,1996-08-15
ADSK,1996-11-21
ADSK,1997-02-26
ADSK,1997-05-23
ADSK,1997-08-21
ADSK,1997-11-20
ADSK,1998-02-25
ADSK,1998-05-21
ADSK,1998-08-20
ADSK,1998-11-19
ADSK,1999-02-24
ADSK,1999-05-28
ADSK,1999-08-26
ADSK,1999-11-23
ADSK,2000-02-24
ADSK,2000-05-18
ADSK,2000-08-17
ADSK,2000-11-16
ADSK,2001-02-22
ADSK,2001-05-17
ADSK,2001-08-16
ADSK,2001-11-15
ADSK,2002-02-21
ADSK,2002-05-16
ADSK,2002-08-15
ADSK,2002-11-21
ADSK,2003-02-25
ADSK,2003-05-22
ADSK,2003-08-21
ADSK,2003-11-20
ADSK,2004-02-26
ADSK,2004-05-18
ADSK,2004-08-19
ADSK,2004-11-18
ADSK,2005-02-22
ADSK,2005-05-19
ADSK,2005-08-18
ADSK,2005-11-17
ADSK,2006-02-28
ADSK,2006-05-18
ADSK,2006-08-17
ADSK,2006-11-16
ADSK,2007-02-28
ADSK,2007-06-08
ADSK,2007-08-16
ADSK,2007-11-15
ADSK,2008-02-26
ADSK,2008-05-15
ADSK,2008-08-14
ADSK,2008-11-20
ADSK,2009-02-26
ADSK,2009-05-21
ADSK,2009-08-13
ADSK,2009-11-17
ADSK,2010-02-23
ADSK,2010-05-19
ADSK,2010-08-12
ADSK,2010-11-18
ADSK,2011-02-24
ADSK,2011-05-19
ADSK,2011-08-18
ADSK,2011-11-15
ADSK,2012-02-23
ADSK,2012-05-17
ADSK,2012-08-23
ADSK,2012-11-15
ADSK,2013-02-25
ADSK,2013-05-16
ADSK,2013-08-22
ADSK,2013-11-21
ADSK,2014-02-26
ADSK,2014-05-15
ADSK,2014-08-14
ADSK,2014-11-20
ADSK,2015-02-26
ADSK,2015-05-19
ADSK,2015-08-27
ADSK,2015-11-19
ADSK,2016-02-25
ADSK,2016-05-19
ADSK,2016-08-25
ADSK,2016-11-29
ADSK,2017-03-02
ADSK,2017-05-18
ADSK,2017-08-24
ADSK,2017-11-28
ADSK,2018-03-06
ADSK,2018-05-24
ADSK,2018-08-23
ADSK,2018-11-20
ADSK,2019-02-28
ADSK,2019-05-23
ADSK,2019-08-27
ADSK,2019-11-26
ADSK,2020-02-27
ADSK,2020-05-27
ADSK,2020-08-25
ADSK,2020-11-24
ADSK,2021-02-25
ADSK,2021-05-27
ADSK,2021-08-25
ADSK,2021-11-23
ADSK,2022-02-24
ADSK,2022-05-26
ADSK,2022-08-24
ADSK,2022-11-22
ADSK,2023-02-23
ADSK,2023-05-25
ADSK,2023-08-23
ADSK,2023-11-21
ADSK,2024-02-29
ADSK,2024-06-11
ADSK,2024-08-29
ADSK,2024-11-26
ADSK,2025-02-27
ADSK,2025-05-22
ADSK,2025-08-28
ADSK,2025-11-25
ADSK,2026-02-26
ADSK,2026-05-28
AEE,1996-04-18
AEE,1996-07-23
AEE,1996-10-22
AEE,1997-02-04
AEE,1997-04-18
AEE,1997-07-22
AEE,1997-10-16
AEE,1998-02-05
AEE,1998-04-24
AEE,1998-07-23
AEE,1998-10-15
AEE,1999-02-04
AEE,1999-04-20
AEE,1999-07-27
AEE,1999-10-15
AEE,2000-02-03
AEE,2000-04-19
AEE,2000-07-25
AEE,2000-10-23
AEE,2001-02-06
AEE,2001-04-23
AEE,2001-07-24
AEE,2001-10-24
AEE,2002-02-05
AEE,2002-04-22
AEE,2002-07-25
AEE,2002-10-18
AEE,2003-02-11
AEE,2003-04-30
AEE,2003-07-30
AEE,2003-10-24
AEE,2004-02-10
AEE,2004-04-29
AEE,2004-07-29
AEE,2004-10-22
AEE,2005-02-08
AEE,2005-04-28
AEE,2005-07-28
AEE,2005-11-01
AEE,2006-02-14
AEE,2006-05-04
AEE,2006-08-03
AEE,2006-11-03
AEE,2007-02-15
AEE,2007-05-10
AEE,2007-08-02
AEE,2007-11-09
AEE,2008-02-14
AEE,2008-05-02
AEE,2008-08-01
AEE,2008-11-04
AEE,2009-02-13
AEE,2009-05-01
AEE,2009-08-06
AEE,2009-10-30
AEE,2010-02-18
AEE,2010-05-05
AEE,2010-08-05
AEE,2010-10-29
AEE,2011-02-22
AEE,2011-05-05
AEE,2011-08-04
AEE,2011-11-04
AEE,2012-02-23
AEE,2012-05-04
AEE,2012-08-02
AEE,2012-11-09
AEE,2013-02-20
AEE,2013-05-02
AEE,2013-08-01
AEE,2013-11-07
AEE,2014-02-21
AEE,2014-05-08
AEE,2014-08-05
AEE,2014-11-06
AEE,2015-02-25
AEE,2015-05-07
AEE,2015-07-31
AEE,2015-11-06
AEE,2016-02-19
AEE,2016-05-10
AEE,2016-08-05
AEE,2016-11-04
AEE,2017-02-16
AEE,2017-05-04
AEE,2017-08-04
AEE,2017-11-03
AEE,2018-02-16
AEE,2018-05-09
AEE,2018-08-03
AEE,2018-10-31
AEE,2019-02-14
AEE,2019-05-09
AEE,2019-08-02
AEE,2019-11-08
AEE,2020-02-26
AEE,2020-05-11
AEE,2020-08-06
AEE,2020-11-04
AEE,2021-02-18
AEE,2021-05-10
AEE,2021-08-05
AEE,2021-11-03
AEE,2022-02-17
AEE,2022-05-05
AEE,2022-08-04
AEE,2022-11-03
AEE,2023-02-15
AEE,2023-05-04
AEE,2023-08-02
AEE,2023-11-08
AEE,2024-02-22
AEE,2024-05-02
AEE,2024-08-01
AEE,2024-11-06
AEE,2025-02-13
AEE,2025-05-01
AEE,2025-07-31
AEE,2025-11-05
AEE,2026-02-11
AEE,2026-05-05
AEP,1996-04-22
AEP,1996-07-18
AEP,1996-10-23
AEP,1997-01-29
AEP,1997-04-23
AEP,1997-07-23
AEP,1997-10-27
AEP,1998-01-28
AEP,1998-04-21
AEP,1998-07-21
AEP,1998-10-27
AEP,1999-01-26
AEP,1999-04-27
AEP,1999-07-27
AEP,1999-10-26
AEP,2000-01-25
AEP,2000-04-25
AEP,2000-07-26
AEP,2000-10-24
AEP,2001-01-23
AEP,2001-04-24
AEP,2001-07-24
AEP,2001-10-23
AEP,2002-01-22
AEP,2002-04-24
AEP,2002-07-25
AEP,2002-10-25
AEP,2003-01-24
AEP,2003-04-29
AEP,2003-07-30
AEP,2003-10-23
AEP,2004-02-03
AEP,2004-04-29
AEP,2004-07-30
AEP,2004-10-21
AEP,2005-01-27
AEP,2005-04-28
AEP,2005-07-29
AEP,2005-10-27
AEP,2006-02-01
AEP,2006-04-27
AEP,2006-07-27
AEP,2006-10-31
AEP,2007-01-30
AEP,2007-04-26
AEP,2007-07-31
AEP,2007-10-24
AEP,2008-01-29
AEP,2008-04-24
AEP,2008-07-31
AEP,2008-10-31
AEP,2009-01-29
AEP,2009-04-24
AEP,2009-07-31
AEP,2009-10-29
AEP,2010-01-28
AEP,2010-04-29
AEP,2010-07-30
AEP,2010-10-19
AEP,2011-01-28
AEP,2011-04-21
AEP,2011-07-29
AEP,2011-10-26
AEP,2012-01-27
AEP,2012-04-20
AEP,2012-07-20
AEP,2012-10-24
AEP,2013-02-15
AEP,2013-04-26
AEP,2013-07-25
AEP,2013-10-23
AEP,2014-01-27
AEP,2014-04-25
AEP,2014-07-25
AEP,2014-10-23
AEP,2015-01-28
AEP,2015-04-23
AEP,2015-07-23
AEP,2015-10-22
AEP,2016-01-28
AEP,2016-04-28
AEP,2016-07-28
AEP,2016-11-01
AEP,2017-01-26
AEP,2017-04-27
AEP,2017-07-27
AEP,2017-10-26
AEP,2018-01-25
AEP,2018-04-26
AEP,2018-07-25
AEP,2018-10-25
AEP,2019-01-24
AEP,2019-04-25
AEP,2019-07-25
AEP,2019-10-24
AEP,2020-02-20
AEP,2020-05-06
AEP,2020-08-06
AEP,2020-10-22
AEP,2021-02-25
AEP,2021-04-22
AEP,2021-07-22
AEP,2021-10-28
AEP,2022-02-24
AEP,2022-04-28
AEP,2022-07-27
AEP,2022-10-27
AEP,2023-02-23
AEP,2023-05-04
AEP,2023-07-27
AEP,2023-11-02
AEP,2024-02-26
AEP,2024-04-30
AEP,2024-07-30
AEP,2024-11-06
AEP,2025-02-13
AEP,2025-05-06
AEP,2025-07-30
AEP,2025-10-29
AEP,2026-02-12
AEP,2026-05-05
AES,1996-04-16
AES,1996-07-16
AES,1996-10-17
AES,1997-01-30
AES,1997-04-15
AES,1997-07-15
AES,1997-10-21
AES,1998-01-29
AES,1998-04-21
AES,1998-07-21
AES,1998-10-22
AES,1999-02-04
AES,1999-04-20
AES,1999-07-22
AES,1999-10-21
AES,2000-02-03
AES,2000-04-27
AES,2000-07-27
AES,2000-10-26
AES,2001-01-29
AES,2001-04-26
AES,2001-07-26
AES,2001-10-25
AES,2002-02-04
AES,2002-04-25
AES,2002-07-25
AES,2002-10-24
AES,2003-02-13
AES,2003-05-01
AES,2003-07-30
AES,2003-10-30
AES,2004-02-05
AES,2004-04-28
AES,2004-07-29
AES,2004-10-28
AES,2005-02-03
AES,2005-05-05
AES,2005-08-19
AES,2006-01-19
AES,2006-05-08
AES,2006-08-07
AES,2006-11-06
AES,2007-06-21
AES,2007-08-09
AES,2007-11-06
AES,2008-03-17
AES,2008-05-08
AES,2008-08-08
AES,2008-11-06
AES,2009-02-26
AES,2009-05-08
AES,2009-08-07
AES,2009-11-06
AES,2010-02-26
AES,2010-05-07
AES,2010-08-06
AES,2010-11-04
AES,2011-02-28
AES,2011-05-09
AES,2011-08-05
AES,2011-11-04
AES,2012-02-27
AES,2012-05-04
AES,2012-08-06
AES,2012-11-07
AES,2013-02-27
AES,2013-05-09
AES,2013-08-08
AES,2013-11-07
AES,2014-02-26
AES,2014-05-08
AES,2014-08-07
AES,2014-11-06
AES,2015-02-26
AES,2015-05-11
AES,2015-08-10
AES,2015-11-05
AES,2016-02-24
AES,2016-05-09
AES,2016-08-05
AES,2016-11-04
AES,2017-02-27
AES,2017-05-08
AES,2017-08-08
AES,2017-11-02
AES,2018-02-27
AES,2018-05-08
AES,2018-08-07
AES,2018-11-06
AES,2019-02-27
AES,2019-05-07
AES,2019-08-06
AES,2019-11-06
AES,2020-02-28
AES,2020-05-07
AES,2020-08-06
AES,2020-11-06
AES,2021-02-25
AES,2021-05-06
AES,2021-08-04
AES,2021-11-03
AES,2022-02-24
AES,2022-05-05
AES,2022-08-04
AES,2022-11-04
AES,2023-02-27
AES,2023-05-04
AES,2023-08-03
AES,2023-11-02
AES,2024-02-26
AES,2024-05-02
AES,2024-08-01
AES,2024-10-31
AES,2025-02-28
AES,2025-05-01
AES,2025-07-31
AES,2025-11-05
AES,2026-03-02
AES,2026-05-05
AFL,1996-04-23
AFL,1996-07-23
AFL,1996-10-22
AFL,1997-01-29
AFL,1997-04-22
AFL,1997-07-22
AFL,1997-10-21
AFL,1998-01-29
AFL,1998-04-27
AFL,1998-07-27
AFL,1998-10-26
AFL,1999-01-28
AFL,1999-04-27
AFL,1999-07-27
AFL,1999-10-26
AFL,2000-01-27
AFL,2000-04-25
AFL,2000-07-25
AFL,2000-10-24
AFL,2001-01-29
AFL,2001-04-24
AFL,2001-07-24
AFL,2001-10-24
AFL,2002-01-31
AFL,2002-04-23
AFL,2002-07-23
AFL,2002-10-22
AFL,2003-01-30
AFL,2003-04-23
AFL,2003-07-23
AFL,2003-10-22
AFL,2004-02-02
AFL,2004-04-27
AFL,2004-07-27
AFL,2004-10-26
AFL,2005-01-31
AFL,2005-04-26
AFL,2005-07-26
AFL,2005-10-24
AFL,2006-01-30
AFL,2006-04-25
AFL,2006-07-25
AFL,2006-10-24
AFL,2007-01-30
AFL,2007-04-24
AFL,2007-07-24
AFL,2007-10-23
AFL,2008-01-30
AFL,2008-04-23
AFL,2008-07-23
AFL,2008-10-23
AFL,2009-02-02
AFL,2009-04-29
AFL,2009-07-29
AFL,2009-10-28
AFL,2010-02-02
AFL,2010-04-27
AFL,2010-07-27
AFL,2010-10-26
AFL,2011-02-01
AFL,2011-04-27
AFL,2011-07-27
AFL,2011-10-26
AFL,2012-01-31
AFL,2012-04-24
AFL,2012-07-24
AFL,2012-10-23
AFL,2013-02-05
AFL,2013-04-24
AFL,2013-07-30
AFL,2013-10-29
AFL,2014-02-04
AFL,2014-04-29
AFL,2014-07-29
AFL,2014-10-28
AFL,2015-02-03
AFL,2015-04-28
AFL,2015-07-28
AFL,2015-10-27
AFL,2016-02-01
AFL,2016-04-26
AFL,2016-07-28
AFL,2016-10-27
AFL,2017-01-31
AFL,2017-04-27
AFL,2017-07-27
AFL,2017-10-25
AFL,2018-01-31
AFL,2018-04-25
AFL,2018-07-26
AFL,2018-10-24
AFL,2019-01-31
AFL,2019-04-25
AFL,2019-07-25
AFL,2019-10-24
AFL,2020-02-04
AFL,2020-04-29
AFL,2020-07-28
AFL,2020-10-27
AFL,2021-02-03
AFL,2021-04-28
AFL,2021-07-28
AFL,2021-10-27
AFL,2022-02-02
AFL,2022-04-27
AFL,2022-08-01
AFL,2022-10-31
AFL,2023-02-01
AFL,2023-04-26
AFL,2023-08-01
AFL,2023-11-01
AFL,2024-01-31
AFL,2024-05-01
AFL,2024-07-31
AFL,2024-10-30
AFL,2025-02-05
AFL,2025-04-30
AFL,2025-08-05
AFL,2025-11-04
AFL,2026-02-04
AFL,2026-04-29
AIG,1996-04-25
AIG,1996-07-25
AIG,1996-10-24
AIG,1997-02-20
AIG,1997-04-24
AIG,1997-07-24
AIG,1997-10-23
AIG,1998-02-10
AIG,1998-04-23
AIG,1998-07-23
AIG,1998-10-22
AIG,1999-02-11
AIG,1999-04-22
AIG,1999-07-22
AIG,1999-10-28
AIG,2000-02-10
AIG,2000-04-27
AIG,2000-07-27
AIG,2000-10-26
AIG,2001-02-08
AIG,2001-04-26
AIG,2001-07-26
AIG,2001-10-25
AIG,2002-02-07
AIG,2002-04-25
AIG,2002-07-25
AIG,2002-10-24
AIG,2003-02-13
AIG,2003-04-24
AIG,2003-07-24
AIG,2003-10-23
AIG,2004-02-11
AIG,2004-04-22
AIG,2004-07-22
AIG,2004-10-21
AIG,2005-02-09
AIG,2005-06-28
AIG,2005-08-09
AIG,2005-11-14
AIG,2006-03-16
AIG,2006-05-10
AIG,2006-08-09
AIG,2006-11-09
AIG,2007-03-01
AIG,2007-05-10
AIG,2007-08-08
AIG,2007-11-07
AIG,2008-02-28
AIG,2008-05-08
AIG,2008-08-06
AIG,2008-11-10
AIG,2009-03-02
AIG,2009-05-07
AIG,2009-08-07
AIG,2009-11-06
AIG,2010-02-26
AIG,2010-05-07
AIG,2010-08-06
AIG,2010-11-05
AIG,2011-02-24
AIG,2011-05-05
AIG,2011-08-04
AIG,2011-11-03
AIG,2012-02-23
AIG,2012-05-03
AIG,2012-08-02
AIG,2012-11-01
AIG,2013-02-21
AIG,2013-05-02
AIG,2013-08-01
AIG,2013-10-31
AIG,2014-02-13
AIG,2014-05-05
AIG,2014-08-04
AIG,2014-11-03
AIG,2015-02-12
AIG,2015-04-30
AIG,2015-08-03
AIG,2015-11-02
AIG,2016-02-11
AIG,2016-05-02
AIG,2016-08-02
AIG,2016-11-02
AIG,2017-02-14
AIG,2017-05-03
AIG,2017-08-02
AIG,2017-11-02
AIG,2018-02-08
AIG,2018-05-02
AIG,2018-08-02
AIG,2018-10-31
AIG,2019-02-13
AIG,2019-05-06
AIG,2019-08-07
AIG,2019-11-01
AIG,2020-02-13
AIG,2020-05-04
AIG,2020-08-03
AIG,2020-11-05
AIG,2021-02-16
AIG,2021-05-06
AIG,2021-08-05
AIG,2021-11-04
AIG,2022-02-16
AIG,2022-05-03
AIG,2022-08-08
AIG,2022-11-01
AIG,2023-02-15
AIG,2023-05-04
AIG,2023-08-01
AIG,2023-11-01
AIG,2024-02-13
AIG,2024-05-01
AIG,2024-07-31
AIG,2024-11-04
AIG,2025-02-11
AIG,2025-05-01
AIG,2025-08-06
AIG,2025-11-04
AIG,2026-02-10
AIG,2026-04-30
AIZ,2004-03-11
AIZ,2004-05-12
AIZ,2004-08-05
AIZ,2004-11-04
AIZ,2005-02-15
AIZ,2005-05-04
AIZ,2005-08-04
AIZ,2005-11-03
AIZ,2006-02-09
AIZ,2006-05-04
AIZ,2006-08-03
AIZ,2006-11-01
AIZ,2007-02-07
AIZ,2007-05-02
AIZ,2007-08-02
AIZ,2007-11-01
AIZ,2008-02-07
AIZ,2008-05-01
AIZ,2008-07-31
AIZ,2008-10-30
AIZ,2009-02-04
AIZ,2009-04-29
AIZ,2009-07-29
AIZ,2009-10-28
AIZ,2010-02-03
AIZ,2010-04-28
AIZ,2010-07-28
AIZ,2010-10-27
AIZ,2011-02-02
AIZ,2011-04-27
AIZ,2011-07-27
AIZ,2011-10-26
AIZ,2012-02-01
AIZ,2012-04-25
AIZ,2012-07-25
AIZ,2012-10-24
AIZ,2013-02-06
AIZ,2013-04-24
AIZ,2013-07-24
AIZ,2013-10-23
AIZ,2014-02-05
AIZ,2014-04-23
AIZ,2014-07-23
AIZ,2014-10-29
AIZ,2015-02-12
AIZ,2015-05-05
AIZ,2015-07-28
AIZ,2015-10-27
AIZ,2016-02-09
AIZ,2016-04-26
AIZ,2016-07-26
AIZ,2016-10-25
AIZ,2017-02-07
AIZ,2017-05-02
AIZ,2017-08-01
AIZ,2017-11-02
AIZ,2018-02-08
AIZ,2018-05-03
AIZ,2018-08-07
AIZ,2018-11-06
AIZ,2019-02-12
AIZ,2019-05-06
AIZ,2019-08-06
AIZ,2019-11-05
AIZ,2020-02-11
AIZ,2020-05-05
AIZ,2020-08-04
AIZ,2020-11-02
AIZ,2021-02-09
AIZ,2021-05-04
AIZ,2021-08-03
AIZ,2021-11-02
AIZ,2022-02-08
AIZ,2022-05-03
AIZ,2022-08-02
AIZ,2022-11-01
AIZ,2023-02-07
AIZ,2023-05-02
AIZ,2023-08-01
AIZ,2023-10-31
AIZ,2024-02-06
AIZ,2024-05-07
AIZ,2024-08-06
AIZ,2024-11-05
AIZ,2025-02-11
AIZ,2025-05-06
AIZ,2025-08-05
AIZ,2025-11-04
AIZ,2026-02-10
AIZ,2026-05-05
AJG,1996-04-17
AJG,1996-07-15
AJG,1996-10-15
AJG,1997-01-22
AJG,1997-04-15
AJG,1997-07-15
AJG,1997-10-15
AJG,1998-01-20
AJG,1998-04-14
AJG,1998-07-15
AJG,1998-10-15
AJG,1999-01-19
AJG,1999-04-19
AJG,1999-07-15
AJG,1999-10-14
AJG,2000-01-20
AJG,2000-04-13
AJG,2000-07-18
AJG,2000-10-12
AJG,2001-01-22
AJG,2001-04-17
AJG,2001-07-17
AJG,2001-10-11
AJG,2002-01-23
AJG,2002-04-23
AJG,2002-07-19
AJG,2002-10-23
AJG,2003-01-29
AJG,2003-04-23
AJG,2003-07-22
AJG,2003-10-21
AJG,2004-01-27
AJG,2004-04-27
AJG,2004-07-27
AJG,2004-10-26
AJG,2005-01-25
AJG,2005-04-26
AJG,2005-07-26
AJG,2005-10-25
AJG,2006-01-31
AJG,2006-04-20
AJG,2006-07-25
AJG,2006-10-24
AJG,2007-01-30
AJG,2007-04-24
AJG,2007-07-24
AJG,2007-10-23
AJG,2008-01-29
AJG,2008-04-24
AJG,2008-07-29
AJG,2008-10-28
AJG,2009-02-03
AJG,2009-04-28
AJG,2009-07-28
AJG,2009-10-27
AJG,2010-02-02
AJG,2010-04-22
AJG,2010-07-27
AJG,2010-10-26
AJG,2011-02-01
AJG,2011-04-26
AJG,2011-07-26
AJG,2011-10-25
AJG,2012-01-31
AJG,2012-05-01
AJG,2012-07-31
AJG,2012-10-30
AJG,2013-01-29
AJG,2013-04-30
AJG,2013-07-30
AJG,2013-10-29
AJG,2014-01-28
AJG,2014-04-06
AJG,2014-07-29
AJG,2014-10-28
AJG,2015-02-03
AJG,2015-04-24
AJG,2015-07-28
AJG,2015-10-27
AJG,2016-02-02
AJG,2016-04-28
AJG,2016-07-28
AJG,2016-10-27
AJG,2017-01-26
AJG,2017-04-27
AJG,2017-07-27
AJG,2017-10-26
AJG,2018-01-25
AJG,2018-05-01
AJG,2018-07-26
AJG,2018-10-25
AJG,2019-01-31
AJG,2019-04-25
AJG,2019-07-25
AJG,2019-10-24
AJG,2020-01-30
AJG,2020-04-30
AJG,2020-07-30
AJG,2020-10-29
AJG,2021-01-28
AJG,2021-04-29
AJG,2021-07-29
AJG,2021-10-28
AJG,2022-01-27
AJG,2022-04-28
AJG,2022-07-28
AJG,2022-10-27
AJG,2023-01-26
AJG,2023-04-27
AJG,2023-07-27
AJG,2023-10-26
AJG,2024-01-25
AJG,2024-04-25
AJG,2024-07-25
AJG,2024-10-24
AJG,2025-01-30
AJG,2025-05-01
AJG,2025-07-31
AJG,2025-10-30
AJG,2026-01-29
AJG,2026-04-30
AKAM,2000-01-27
AKAM,2000-04-24
AKAM,2000-07-24
AKAM,2000-10-18
AKAM,2001-01-24
AKAM,2001-04-18
AKAM,2001-07-18
AKAM,2001-10-11
AKAM,2002-01-23
AKAM,2002-04-18
AKAM,2002-07-17
AKAM,2002-10-16
AKAM,2003-01-28
AKAM,2003-04-30
AKAM,2003-07-30
AKAM,2003-10-29
AKAM,2004-02-04
AKAM,2004-04-28
AKAM,2004-07-27
AKAM,2004-10-27
AKAM,2005-02-17
AKAM,2005-04-27
AKAM,2005-07-26
AKAM,2005-10-25
AKAM,2006-02-08
AKAM,2006-04-26
AKAM,2006-07-26
AKAM,2006-10-26
AKAM,2007-02-07
AKAM,2007-04-25
AKAM,2007-07-25
AKAM,2007-10-24
AKAM,2008-02-06
AKAM,2008-04-30
AKAM,2008-07-30
AKAM,2008-10-30
AKAM,2009-02-04
AKAM,2009-04-29
AKAM,2009-07-29
AKAM,2009-10-28
AKAM,2010-02-03
AKAM,2010-04-28
AKAM,2010-07-28
AKAM,2010-10-27
AKAM,2011-02-09
AKAM,2011-04-27
AKAM,2011-07-27
AKAM,2011-10-26
AKAM,2012-02-08
AKAM,2012-04-25
AKAM,2012-07-25
AKAM,2012-10-24
AKAM,2013-02-06
AKAM,2013-04-24
AKAM,2013-07-24
AKAM,2013-10-23
AKAM,2014-02-05
AKAM,2014-05-01
AKAM,2014-07-30
AKAM,2014-10-29
AKAM,2015-02-10
AKAM,2015-04-28
AKAM,2015-07-28
AKAM,2015-10-27
AKAM,2016-02-09
AKAM,2016-04-26
AKAM,2016-07-26
AKAM,2016-10-25
AKAM,2017-02-07
AKAM,2017-05-02
AKAM,2017-07-25
AKAM,2017-10-24
AKAM,2018-02-06
AKAM,2018-04-30
AKAM,2018-07-31
AKAM,2018-10-29
AKAM,2019-02-12
AKAM,2019-04-30
AKAM,2019-07-30
AKAM,2019-10-28
AKAM,2020-02-11
AKAM,2020-04-28
AKAM,2020-07-28
AKAM,2020-10-27
AKAM,2021-02-09
AKAM,2021-05-04
AKAM,2021-08-03
AKAM,2021-11-02
AKAM,2022-02-15
AKAM,2022-05-03
AKAM,2022-08-09
AKAM,2022-11-08
AKAM,2023-02-14
AKAM,2023-05-09
AKAM,2023-08-08
AKAM,2023-11-07
AKAM,2024-02-13
AKAM,2024-05-09
AKAM,2024-08-08
AKAM,2024-11-07
AKAM,2025-02-20
AKAM,2025-05-08
AKAM,2025-08-07
AKAM,2025-11-06
AKAM,2026-02-19
AKAM,2026-05-07
ALB,1996-04-24
ALB,1996-07-25
ALB,1996-10-22
ALB,1997-01-29
ALB,1997-04-22
ALB,1997-07-23
ALB,1997-10-22
ALB,1998-01-28
ALB,1998-04-21
ALB,1998-07-22
ALB,1998-10-21
ALB,1999-01-22
ALB,1999-04-21
ALB,1999-07-16
ALB,1999-10-15
ALB,2000-01-20
ALB,2000-04-17
ALB,2000-07-18
ALB,2000-10-17
ALB,2001-01-19
ALB,2001-04-20
ALB,2001-07-23
ALB,2001-10-19
ALB,2002-01-23
ALB,2002-04-19
ALB,2002-07-25
ALB,2002-10-23
ALB,2003-01-23
ALB,2003-04-23
ALB,2003-07-23
ALB,2003-10-21
ALB,2004-01-29
ALB,2004-04-21
ALB,2004-07-22
ALB,2004-10-28
ALB,2005-02-03
ALB,2005-04-26
ALB,2005-07-20
ALB,2005-10-25
ALB,2006-01-25
ALB,2006-04-25
ALB,2006-07-24
ALB,2006-10-18
ALB,2007-01-23
ALB,2007-04-23
ALB,2007-07-24
ALB,2007-10-22
ALB,2008-01-28
ALB,2008-04-21
ALB,2008-07-21
ALB,2008-10-27
ALB,2009-01-26
ALB,2009-04-27
ALB,2009-07-22
ALB,2009-10-26
ALB,2010-01-25
ALB,2010-04-26
ALB,2010-07-26
ALB,2010-10-21
ALB,2011-01-24
ALB,2011-04-19
ALB,2011-07-21
ALB,2011-10-24
ALB,2012-01-23
ALB,2012-04-18
ALB,2012-07-17
ALB,2012-10-17
ALB,2013-01-22
ALB,2013-04-17
ALB,2013-07-17
ALB,2013-10-16
ALB,2014-01-28
ALB,2014-04-16
ALB,2014-07-30
ALB,2014-10-22
ALB,2015-01-28
ALB,2015-05-06
ALB,2015-08-05
ALB,2015-11-04
ALB,2016-02-17
ALB,2016-05-10
ALB,2016-08-03
ALB,2016-11-07
ALB,2017-02-27
ALB,2017-05-03
ALB,2017-08-07
ALB,2017-11-08
ALB,2018-02-27
ALB,2018-05-09
ALB,2018-08-07
ALB,2018-11-07
ALB,2019-02-20
ALB,2019-05-08
ALB,2019-08-07
ALB,2019-11-06
ALB,2020-02-19
ALB,2020-05-06
ALB,2020-08-05
ALB,2020-11-04
ALB,2021-02-17
ALB,2021-05-05
ALB,2021-08-04
ALB,2021-11-03
ALB,2022-02-16
ALB,2022-05-04
ALB,2022-08-03
ALB,2022-11-02
ALB,2023-02-15
ALB,2023-05-03
ALB,2023-08-02
ALB,2023-11-01
ALB,2024-02-14
ALB,2024-05-01
ALB,2024-07-31
ALB,2024-11-06
ALB,2025-02-12
ALB,2025-04-30
ALB,2025-07-30
ALB,2025-11-05
ALB,2026-02-11
ALB,2026-05-06
ALGN,2001-04-26
ALGN,2001-07-25
ALGN,2001-10-22
ALGN,2002-02-12
ALGN,2002-04-24
ALGN,2002-07-24
ALGN,2002-10-24
ALGN,2003-02-13
ALGN,2003-04-24
ALGN,2003-07-24
ALGN,2003-10-23
ALGN,2004-01-29
ALGN,2004-04-22
ALGN,2004-07-22
ALGN,2004-10-21
ALGN,2005-01-26
ALGN,2005-04-20
ALGN,2005-07-20
ALGN,2005-10-26
ALGN,2006-01-25
ALGN,2006-04-26
ALGN,2006-07-26
ALGN,2006-10-25
ALGN,2007-01-30
ALGN,2007-04-26
ALGN,2007-07-25
ALGN,2007-10-24
ALGN,2008-01-29
ALGN,2008-04-29
ALGN,2008-07-29
ALGN,2008-10-28
ALGN,2009-01-28
ALGN,2009-04-23
ALGN,2009-07-23
ALGN,2009-10-22
ALGN,2010-01-27
ALGN,2010-04-22
ALGN,2010-07-22
ALGN,2010-10-21
ALGN,2011-01-26
ALGN,2011-04-20
ALGN,2011-08-01
ALGN,2011-10-27
ALGN,2012-01-30
ALGN,2012-04-23
ALGN,2012-07-19
ALGN,2012-10-17
ALGN,2013-01-30
ALGN,2013-04-18
ALGN,2013-07-18
ALGN,2013-10-17
ALGN,2014-01-30
ALGN,2014-04-23
ALGN,2014-07-24
ALGN,2014-10-23
ALGN,2015-01-29
ALGN,2015-04-23
ALGN,2015-07-23
ALGN,2015-10-22
ALGN,2016-01-28
ALGN,2016-04-28
ALGN,2016-07-28
ALGN,2016-11-07
ALGN,2017-01-31
ALGN,2017-04-27
ALGN,2017-07-27
ALGN,2017-10-26
ALGN,2018-01-30
ALGN,2018-04-25
ALGN,2018-07-25
ALGN,2018-10-24
ALGN,2019-01-29
ALGN,2019-04-24
ALGN,2019-07-24
ALGN,2019-10-23
ALGN,2020-01-29
ALGN,2020-04-29
ALGN,2020-07-22
ALGN,2020-10-21
ALGN,2021-02-03
ALGN,2021-04-28
ALGN,2021-07-28
ALGN,2021-10-27
ALGN,2022-02-02
ALGN,2022-04-27
ALGN,2022-07-27
ALGN,2022-10-26
ALGN,2023-02-01
ALGN,2023-04-26
ALGN,2023-07-26
ALGN,2023-10-25
ALGN,2024-01-31
ALGN,2024-04-24
ALGN,2024-07-24
ALGN,2024-10-23
ALGN,2025-02-05
ALGN,2025-04-30
ALGN,2025-07-30
ALGN,2025-10-29
ALGN,2026-02-04
ALGN,2026-04-29
ALL,1996-04-17
ALL,1996-07-23
ALL,1996-10-17
ALL,1997-02-06
ALL,1997-04-22
ALL,1997-07-22
ALL,1997-10-21
ALL,1998-02-11
ALL,1998-04-22
ALL,1998-07-22
ALL,1998-10-21
ALL,1999-02-10
ALL,1999-04-21
ALL,1999-07-21
ALL,1999-10-20
ALL,2000-02-09
ALL,2000-04-20
ALL,2000-07-20
ALL,2000-10-19
ALL,2001-02-07
ALL,2001-04-19
ALL,2001-07-19
ALL,2001-10-18
ALL,2002-02-06
ALL,2002-04-17
ALL,2002-07-18
ALL,2002-10-16
ALL,2003-02-05
ALL,2003-04-15
ALL,2003-07-16
ALL,2003-10-15
ALL,2004-02-04
ALL,2004-04-20
ALL,2004-07-19
ALL,2004-10-20
ALL,2005-02-02
ALL,2005-04-20
ALL,2005-07-20
ALL,2005-10-19
ALL,2006-01-31
ALL,2006-04-18
ALL,2006-07-19
ALL,2006-10-18
ALL,2007-01-30
ALL,2007-04-18
ALL,2007-07-18
ALL,2007-10-17
ALL,2008-01-29
ALL,2008-04-23
ALL,2008-07-23
ALL,2008-10-22
ALL,2009-01-28
ALL,2009-05-07
ALL,2009-08-05
ALL,2009-11-04
ALL,2010-02-10
ALL,2010-04-28
ALL,2010-08-04
ALL,2010-10-27
ALL,2011-02-09
ALL,2011-04-27
ALL,2011-08-01
ALL,2011-10-31
ALL,2012-02-01
ALL,2012-05-02
ALL,2012-07-31
ALL,2012-10-31
ALL,2013-02-06
ALL,2013-05-01
ALL,2013-07-31
ALL,2013-10-30
ALL,2014-02-05
ALL,2014-05-06
ALL,2014-07-30
ALL,2014-10-29
ALL,2015-02-04
ALL,2015-05-05
ALL,2015-08-03
ALL,2015-11-02
ALL,2016-02-03
ALL,2016-05-04
ALL,2016-08-03
ALL,2016-11-02
ALL,2017-02-01
ALL,2017-05-02
ALL,2017-08-01
ALL,2017-11-01
ALL,2018-02-07
ALL,2018-05-01
ALL,2018-08-01
ALL,2018-10-31
ALL,2019-02-05
ALL,2019-05-01
ALL,2019-07-30
ALL,2019-10-29
ALL,2020-02-04
ALL,2020-05-05
ALL,2020-08-04
ALL,2020-11-04
ALL,2021-02-03
ALL,2021-05-05
ALL,2021-08-04
ALL,2021-11-03
ALL,2022-02-02
ALL,2022-05-04
ALL,2022-08-03
ALL,2022-11-02
ALL,2023-02-01
ALL,2023-05-03
ALL,2023-08-01
ALL,2023-11-01
ALL,2024-02-07
ALL,2024-05-01
ALL,2024-07-31
ALL,2024-10-30
ALL,2025-02-05
ALL,2025-04-30
ALL,2025-07-30
ALL,2025-11-05
ALL,2026-02-04
ALL,2026-04-29
ALLE,2013-11-27
ALLE,2014-02-19
ALLE,2014-04-30
ALLE,2014-07-30
ALLE,2014-10-30
ALLE,2015-02-18
ALLE,2015-04-30
ALLE,2015-07-30
ALLE,2015-10-29
ALLE,2016-02-11
ALLE,2016-04-28
ALLE,2016-07-28
ALLE,2016-10-27
ALLE,2017-02-09
ALLE,2017-04-27
ALLE,2017-07-27
ALLE,2017-10-26
ALLE,2018-02-20
ALLE,2018-04-26
ALLE,2018-07-26
ALLE,2018-10-25
ALLE,2019-02-19
ALLE,2019-04-25
ALLE,2019-07-25
ALLE,2019-10-24
ALLE,2020-02-18
ALLE,2020-04-23
ALLE,2020-07-23
ALLE,2020-10-22
ALLE,2021-02-16
ALLE,2021-04-22
ALLE,2021-07-22
ALLE,2021-10-21
ALLE,2022-02-15
ALLE,2022-04-26
ALLE,2022-07-28
ALLE,2022-10-27
ALLE,2023-02-22
ALLE,2023-04-26
ALLE,2023-07-26
ALLE,2023-10-31
ALLE,2024-02-20
ALLE,2024-04-25
ALLE,2024-07-24
ALLE,2024-10-24
ALLE,2025-02-18
ALLE,2025-04-24
ALLE,2025-07-24
ALLE,2025-10-23
ALLE,2026-02-24
ALLE,2026-04-28
AMAT,1996-05-14
AMAT,1996-08-13
AMAT,1996-11-21
AMAT,1997-02-11
AMAT,1997-05-13
AMAT,1997-08-12
AMAT,1997-11-20
AMAT,1998-02-11
AMAT,1998-05-12
AMAT,1998-08-11
AMAT,1998-11-17
AMAT,1999-02-16
AMAT,1999-05-18
AMAT,1999-08-17
AMAT,1999-11-17
AMAT,2000-02-15
AMAT,2000-05-10
AMAT,2000-08-09
AMAT,2000-11-15
AMAT,2001-02-13
AMAT,2001-05-15
AMAT,2001-08-14
AMAT,2001-11-14
AMAT,2002-02-12
AMAT,2002-05-14
AMAT,2002-08-13
AMAT,2002-11-13
AMAT,2003-02-11
AMAT,2003-05-13
AMAT,2003-08-12
AMAT,2003-11-12
AMAT,2004-02-18
AMAT,2004-05-18
AMAT,2004-08-17
AMAT,2004-11-17
AMAT,2005-02-15
AMAT,2005-05-17
AMAT,2005-08-16
AMAT,2005-11-16
AMAT,2006-02-15
AMAT,2006-05-16
AMAT,2006-08-15
AMAT,2006-11-15
AMAT,2007-02-13
AMAT,2007-05-15
AMAT,2007-08-14
AMAT,2007-11-14
AMAT,2008-02-12
AMAT,2008-05-13
AMAT,2008-08-12
AMAT,2008-11-12
AMAT,2009-02-10
AMAT,2009-05-12
AMAT,2009-08-11
AMAT,2009-11-11
AMAT,2010-02-17
AMAT,2010-05-19
AMAT,2010-08-18
AMAT,2010-11-17
AMAT,2011-02-24
AMAT,2011-05-24
AMAT,2011-08-24
AMAT,2011-11-16
AMAT,2012-02-16
AMAT,2012-05-17
AMAT,2012-08-15
AMAT,2012-11-15
AMAT,2013-02-13
AMAT,2013-05-16
AMAT,2013-08-15
AMAT,2013-11-14
AMAT,2014-02-12
AMAT,2014-05-15
AMAT,2014-08-14
AMAT,2014-11-13
AMAT,2015-02-11
AMAT,2015-05-14
AMAT,2015-08-13
AMAT,2015-11-12
AMAT,2016-02-18
AMAT,2016-05-19
AMAT,2016-08-18
AMAT,2016-11-17
AMAT,2017-02-15
AMAT,2017-05-18
AMAT,2017-08-17
AMAT,2017-11-16
AMAT,2018-02-14
AMAT,2018-05-17
AMAT,2018-08-16
AMAT,2018-11-15
AMAT,2019-02-14
AMAT,2019-05-16
AMAT,2019-08-15
AMAT,2019-11-14
AMAT,2020-02-12
AMAT,2020-05-14
AMAT,2020-08-13
AMAT,2020-11-12
AMAT,2021-02-18
AMAT,2021-05-20
AMAT,2021-08-19
AMAT,2021-11-18
AMAT,2022-02-16
AMAT,2022-05-19
AMAT,2022-08-18
AMAT,2022-11-17
AMAT,2023-02-16
AMAT,2023-05-18
AMAT,2023-08-17
AMAT,2023-11-16
AMAT,2024-02-15
AMAT,2024-05-16
AMAT,2024-08-15
AMAT,2024-11-14
AMAT,2025-02-13
AMAT,2025-05-15
AMAT,2025-08-14
AMAT,2025-12-12
AMAT,2026-02-12
AMAT,2026-05-14
AMCR,2017-03-31
AMCR,2017-08-22
AMCR,2018-03-31
AMCR,2018-08-20
AMCR,2019-02-10
AMCR,2019-05-09
AMCR,2019-08-20
AMCR,2019-11-07
AMCR,2020-02-11
AMCR,2020-05-11
AMCR,2020-08-18
AMCR,2020-11-05
AMCR,2021-02-02
AMCR,2021-05-04
AMCR,2021-08-17
AMCR,2021-11-02
AMCR,2022-02-01
AMCR,2022-05-03
AMCR,2022-08-17
AMCR,2022-11-01
AMCR,2023-02-07
AMCR,2023-05-02
AMCR,2023-08-16
AMCR,2023-10-31
AMCR,2024-02-06
AMCR,2024-04-30
AMCR,2024-08-15
AMCR,2024-10-31
AMCR,2025-02-04
AMCR,2025-04-30
AMCR,2025-08-14
AMCR,2025-11-05
AMCR,2026-02-03
AMCR,2026-05-06
AMD,1996-04-09
AMD,1996-07-10
AMD,1996-10-07
AMD,1997-01-13
AMD,1997-04-07
AMD,1997-07-08
AMD,1997-10-07
AMD,1998-01-13
AMD,1998-04-07
AMD,1998-07-08
AMD,1998-10-06
AMD,1999-01-13
AMD,1999-04-14
AMD,1999-07-14
AMD,1999-10-06
AMD,2000-01-20
AMD,2000-04-12
AMD,2000-07-19
AMD,2000-10-11
AMD,2001-01-17
AMD,2001-04-18
AMD,2001-07-12
AMD,2001-10-17
AMD,2002-01-16
AMD,2002-04-17
AMD,2002-07-17
AMD,2002-10-16
AMD,2003-01-16
AMD,2003-04-16
AMD,2003-07-16
AMD,2003-10-16
AMD,2004-01-20
AMD,2004-04-14
AMD,2004-07-14
AMD,2004-10-07
AMD,2005-01-18
AMD,2005-04-13
AMD,2005-07-13
AMD,2005-10-11
AMD,2006-01-18
AMD,2006-04-12
AMD,2006-07-20
AMD,2006-10-18
AMD,2007-01-23
AMD,2007-04-19
AMD,2007-07-19
AMD,2007-10-18
AMD,2008-01-17
AMD,2008-04-17
AMD,2008-07-17
AMD,2008-10-16
AMD,2009-01-22
AMD,2009-04-21
AMD,2009-07-21
AMD,2009-10-15
AMD,2010-01-21
AMD,2010-04-15
AMD,2010-07-15
AMD,2010-10-14
AMD,2011-01-20
AMD,2011-04-21
AMD,2011-07-21
AMD,2011-10-27
AMD,2012-01-24
AMD,2012-04-19
AMD,2012-07-19
AMD,2012-10-18
AMD,2013-01-22
AMD,2013-04-18
AMD,2013-07-18
AMD,2013-10-17
AMD,2014-01-21
AMD,2014-04-17
AMD,2014-07-17
AMD,2014-10-16
AMD,2015-01-20
AMD,2015-04-16
AMD,2015-07-16
AMD,2015-10-15
AMD,2016-01-19
AMD,2016-04-21
AMD,2016-07-21
AMD,2016-10-20
AMD,2017-01-31
AMD,2017-05-01
AMD,2017-07-25
AMD,2017-10-24
AMD,2018-01-30
AMD,2018-04-25
AMD,2018-07-25
AMD,2018-10-24
AMD,2019-01-29
AMD,2019-04-30
AMD,2019-07-30
AMD,2019-10-29
AMD,2020-01-28
AMD,2020-04-28
AMD,2020-07-28
AMD,2020-10-27
AMD,2021-01-26
AMD,2021-04-27
AMD,2021-07-27
AMD,2021-10-26
AMD,2022-02-01
AMD,2022-05-03
AMD,2022-08-02
AMD,2022-11-01
AMD,2023-01-31
AMD,2023-05-02
AMD,2023-08-01
AMD,2023-10-31
AMD,2024-01-30
AMD,2024-04-30
AMD,2024-07-30
AMD,2024-10-29
AMD,2025-02-04
AMD,2025-05-06
AMD,2025-08-05
AMD,2025-11-04
AMD,2026-02-03
AMD,2026-05-05
AME,1997-11-18
AME,1998-01-21
AME,1998-04-20
AME,1998-07-20
AME,1998-10-20
AME,1999-01-25
AME,1999-04-19
AME,1999-07-19
AME,1999-10-18
AME,2000-01-24
AME,2000-04-18
AME,2000-07-17
AME,2000-10-16
AME,2001-01-22
AME,2001-04-18
AME,2001-07-23
AME,2001-10-22
AME,2002-01-30
AME,2002-04-23
AME,2002-07-22
AME,2002-10-21
AME,2003-01-28
AME,2003-04-22
AME,2003-07-21
AME,2003-10-20
AME,2004-01-28
AME,2004-04-21
AME,2004-07-21
AME,2004-10-20
AME,2005-01-26
AME,2005-04-19
AME,2005-07-20
AME,2005-10-20
AME,2006-01-25
AME,2006-04-20
AME,2006-07-20
AME,2006-10-19
AME,2007-01-24
AME,2007-04-19
AME,2007-07-19
AME,2007-10-18
AME,2008-01-23
AME,2008-04-21
AME,2008-07-21
AME,2008-10-21
AME,2009-01-30
AME,2009-04-21
AME,2009-07-28
AME,2009-10-27
AME,2010-01-26
AME,2010-04-27
AME,2010-07-27
AME,2010-10-26
AME,2011-01-27
AME,2011-04-28
AME,2011-07-26
AME,2011-10-25
AME,2012-01-26
AME,2012-04-26
AME,2012-07-24
AME,2012-10-23
AME,2013-01-24
AME,2013-04-25
AME,2013-08-07
AME,2013-10-29
AME,2014-01-29
AME,2014-05-06
AME,2014-08-05
AME,2014-10-28
AME,2015-01-28
AME,2015-04-29
AME,2015-08-04
AME,2015-10-27
AME,2016-02-05
AME,2016-04-28
AME,2016-08-04
AME,2016-11-01
AME,2017-02-07
AME,2017-05-02
AME,2017-08-02
AME,2017-11-02
AME,2018-02-01
AME,2018-05-02
AME,2018-07-31
AME,2018-11-01
AME,2019-02-05
AME,2019-05-01
AME,2019-07-30
AME,2019-10-31
AME,2020-02-05
AME,2020-05-05
AME,2020-08-04
AME,2020-10-29
AME,2021-02-04
AME,2021-05-04
AME,2021-08-03
AME,2021-11-02
AME,2022-02-03
AME,2022-05-03
AME,2022-08-02
AME,2022-11-01
AME,2023-02-02
AME,2023-05-02
AME,2023-08-01
AME,2023-10-31
AME,2024-02-06
AME,2024-05-02
AME,2024-08-01
AME,2024-10-31
AME,2025-02-04
AME,2025-05-01
AME,2025-07-31
AME,2025-10-30
AME,2026-02-03
AME,2026-04-30
AMGN,1996-04-17
AMGN,1996-07-18
AMGN,1996-10-15
AMGN,1997-01-23
AMGN,1997-04-17
AMGN,1997-07-15
AMGN,1997-10-22
AMGN,1998-01-22
AMGN,1998-04-22
AMGN,1998-07-22
AMGN,1998-10-27
AMGN,1999-01-28
AMGN,1999-04-20
AMGN,1999-07-12
AMGN,1999-10-20
AMGN,2000-01-25
AMGN,2000-04-25
AMGN,2000-07-26
AMGN,2000-10-26
AMGN,2001-01-24
AMGN,2001-04-26
AMGN,2001-07-26
AMGN,2001-10-25
AMGN,2002-01-23
AMGN,2002-04-25
AMGN,2002-07-24
AMGN,2002-10-23
AMGN,2003-01-23
AMGN,2003-04-22
AMGN,2003-07-22
AMGN,2003-10-21
AMGN,2004-01-22
AMGN,2004-04-22
AMGN,2004-07-22
AMGN,2004-10-20
AMGN,2005-01-27
AMGN,2005-04-21
AMGN,2005-07-19
AMGN,2005-10-19
AMGN,2006-01-26
AMGN,2006-04-18
AMGN,2006-07-20
AMGN,2006-10-23
AMGN,2007-01-25
AMGN,2007-04-23
AMGN,2007-07-26
AMGN,2007-10-24
AMGN,2008-01-24
AMGN,2008-04-24
AMGN,2008-07-28
AMGN,2008-10-22
AMGN,2009-01-26
AMGN,2009-04-23
AMGN,2009-07-27
AMGN,2009-10-21
AMGN,2010-01-25
AMGN,2010-04-21
AMGN,2010-07-29
AMGN,2010-10-25
AMGN,2011-01-24
AMGN,2011-04-20
AMGN,2011-07-29
AMGN,2011-10-24
AMGN,2012-01-26
AMGN,2012-04-24
AMGN,2012-07-26
AMGN,2012-10-23
AMGN,2013-01-23
AMGN,2013-04-23
AMGN,2013-07-30
AMGN,2013-10-22
AMGN,2014-01-28
AMGN,2014-04-22
AMGN,2014-07-29
AMGN,2014-10-27
AMGN,2015-01-27
AMGN,2015-04-21
AMGN,2015-07-30
AMGN,2015-10-28
AMGN,2016-01-28
AMGN,2016-04-28
AMGN,2016-07-27
AMGN,2016-10-27
AMGN,2017-02-02
AMGN,2017-04-26
AMGN,2017-07-25
AMGN,2017-10-25
AMGN,2018-02-01
AMGN,2018-04-24
AMGN,2018-07-26
AMGN,2018-10-30
AMGN,2019-01-29
AMGN,2019-04-30
AMGN,2019-07-30
AMGN,2019-10-29
AMGN,2020-01-30
AMGN,2020-04-30
AMGN,2020-07-28
AMGN,2020-10-28
AMGN,2021-02-02
AMGN,2021-04-27
AMGN,2021-08-03
AMGN,2021-11-02
AMGN,2022-02-07
AMGN,2022-04-27
AMGN,2022-08-04
AMGN,2022-11-03
AMGN,2023-01-31
AMGN,2023-04-27
AMGN,2023-08-03
AMGN,2023-10-31
AMGN,2024-02-06
AMGN,2024-05-02
AMGN,2024-08-06
AMGN,2024-10-30
AMGN,2025-02-04
AMGN,2025-05-01
AMGN,2025-08-05
AMGN,2025-11-04
AMGN,2026-02-03
AMGN,2026-04-30
